trial,testing,parameters,initial_deadline,final_deadline,net_reward,actions,success
1,False,"{'a': 0.01, 'e': 0.9999500004166653}",20,0,-75.77018223647904,"{0: 14, 1: 0, 2: 5, 3: 0, 4: 1}",0
2,False,"{'a': 0.01, 'e': 0.9998000066665778}",30,0,-203.68855043977666,"{0: 16, 1: 0, 2: 10, 3: 2, 4: 2}",0
3,False,"{'a': 0.01, 'e': 0.9995500337489875}",25,0,-166.12870510541208,"{0: 16, 1: 1, 2: 4, 3: 1, 4: 3}",0
4,False,"{'a': 0.01, 'e': 0.9992001066609779}",20,0,-147.48536500218964,"{0: 12, 1: 0, 2: 4, 3: 2, 4: 2}",0
5,False,"{'a': 0.01, 'e': 0.9987502603949663}",20,0,-60.835605642666806,"{0: 15, 1: 1, 2: 3, 3: 0, 4: 1}",0
6,False,"{'a': 0.01, 'e': 0.9982005399352042}",20,0,-75.7940417155176,"{0: 15, 1: 1, 2: 2, 3: 1, 4: 1}",0
7,False,"{'a': 0.01, 'e': 0.9975510002532796}",25,0,-177.86422464736648,"{0: 14, 1: 2, 2: 6, 3: 0, 4: 3}",0
8,False,"{'a': 0.01, 'e': 0.9968017063026194}",20,0,-137.58479970942537,"{0: 10, 1: 1, 2: 6, 3: 2, 4: 1}",0
9,False,"{'a': 0.01, 'e': 0.9959527330119943}",25,0,-143.5683328895084,"{0: 14, 1: 0, 2: 8, 3: 2, 4: 1}",0
10,False,"{'a': 0.01, 'e': 0.9950041652780257}",25,0,-153.45520910108343,"{0: 10, 1: 5, 2: 8, 3: 1, 4: 1}",0
11,False,"{'a': 0.01, 'e': 0.9939560979566968}",20,0,-80.85316234969864,"{0: 13, 1: 1, 2: 5, 3: 0, 4: 1}",0
12,False,"{'a': 0.01, 'e': 0.9928086358538663}",20,0,-149.02868591439253,"{0: 10, 1: 1, 2: 4, 3: 4, 4: 1}",0
13,False,"{'a': 0.01, 'e': 0.9915618937147881}",20,0,-103.79573950404563,"{0: 10, 1: 5, 2: 3, 3: 1, 4: 1}",0
14,False,"{'a': 0.01, 'e': 0.9902159962126371}",30,22,0.9620064073664665,"{0: 6, 1: 2, 2: 0, 3: 0, 4: 0}",1
15,False,"{'a': 0.01, 'e': 0.9887710779360422}",35,0,-338.1426986827626,"{0: 17, 1: 4, 2: 6, 3: 2, 4: 6}",0
16,False,"{'a': 0.01, 'e': 0.9872272833756269}",25,0,-164.21097441324795,"{0: 16, 1: 0, 2: 4, 3: 3, 4: 2}",0
17,False,"{'a': 0.01, 'e': 0.9855847669095608}",25,0,-185.7731518927782,"{0: 9, 1: 5, 2: 7, 3: 3, 4: 1}",0
18,False,"{'a': 0.01, 'e': 0.9838436927881214}",30,0,-268.06669593075196,"{0: 14, 1: 5, 2: 4, 3: 3, 4: 4}",0
19,False,"{'a': 0.01, 'e': 0.9820042351172703}",20,0,-102.42499152632179,"{0: 9, 1: 2, 2: 8, 3: 1, 4: 0}",0
20,False,"{'a': 0.01, 'e': 0.9800665778412416}",25,0,-211.75268153097105,"{0: 13, 1: 4, 2: 3, 3: 1, 4: 4}",0
21,False,"{'a': 0.01, 'e': 0.9780309147241483}",20,0,-94.22306905036336,"{0: 11, 1: 3, 2: 5, 3: 0, 4: 1}",0
22,False,"{'a': 0.01, 'e': 0.9758974493306055}",25,8,-112.9177514933039,"{0: 12, 1: 1, 2: 1, 3: 0, 4: 3}",1
23,False,"{'a': 0.01, 'e': 0.9736663950053749}",20,0,-135.83168111689935,"{0: 14, 1: 0, 2: 3, 3: 0, 4: 3}",0
24,False,"{'a': 0.01, 'e': 0.9713379748520297}",20,0,-137.25382388634873,"{0: 10, 1: 3, 2: 5, 3: 0, 4: 2}",0
25,False,"{'a': 0.01, 'e': 0.9689124217106447}",30,0,-131.01730211705137,"{0: 19, 1: 3, 2: 6, 3: 0, 4: 2}",0
26,False,"{'a': 0.01, 'e': 0.9663899781345132}",30,0,-92.24139224584279,"{0: 18, 1: 2, 2: 10, 3: 0, 4: 0}",0
27,False,"{'a': 0.01, 'e': 0.9637708963658905}",25,0,-192.35084922024217,"{0: 12, 1: 0, 2: 10, 3: 1, 4: 2}",0
28,False,"{'a': 0.01, 'e': 0.9610554383107709}",30,0,-208.93173824906742,"{0: 17, 1: 1, 2: 8, 3: 1, 4: 3}",0
29,False,"{'a': 0.01, 'e': 0.9582438755126972}",25,0,-46.74876945122841,"{0: 16, 1: 5, 2: 4, 3: 0, 4: 0}",0
30,False,"{'a': 0.01, 'e': 0.955336489125606}",25,0,-116.1675631631931,"{0: 13, 1: 5, 2: 6, 3: 0, 4: 1}",0
31,False,"{'a': 0.01, 'e': 0.9523335698857134}",20,0,-77.65888833221558,"{0: 13, 1: 1, 2: 5, 3: 0, 4: 1}",0
32,False,"{'a': 0.01, 'e': 0.9492354180824408}",20,0,-160.12806263330242,"{0: 11, 1: 2, 2: 4, 3: 0, 4: 3}",0
33,False,"{'a': 0.01, 'e': 0.946042343528387}",25,0,-204.5276936872675,"{0: 9, 1: 6, 2: 6, 3: 2, 4: 2}",0
34,False,"{'a': 0.01, 'e': 0.9427546655283462}",25,0,-166.1322186290949,"{0: 16, 1: 2, 2: 3, 3: 1, 4: 3}",0
35,False,"{'a': 0.01, 'e': 0.9393727128473789}",25,4,-193.00406339174597,"{0: 9, 1: 4, 2: 2, 3: 4, 4: 2}",1
36,False,"{'a': 0.01, 'e': 0.9358968236779348}",25,15,-56.884870667849334,"{0: 5, 1: 1, 2: 2, 3: 2, 4: 0}",1
37,False,"{'a': 0.01, 'e': 0.9323273456060345}",25,0,-230.58903232886823,"{0: 13, 1: 2, 2: 5, 3: 1, 4: 4}",0
38,False,"{'a': 0.01, 'e': 0.9286646355765102}",20,0,-79.91431277207003,"{0: 12, 1: 1, 2: 5, 3: 2, 4: 0}",0
39,False,"{'a': 0.01, 'e': 0.9249090598573131}",25,0,-148.08091299204617,"{0: 12, 1: 0, 2: 12, 3: 0, 4: 1}",0
40,False,"{'a': 0.01, 'e': 0.9210609940028851}",20,0,-127.97101107707645,"{0: 10, 1: 4, 2: 4, 3: 0, 4: 2}",0
41,False,"{'a': 0.01, 'e': 0.9171208228166051}",25,13,2.2150955856752264,"{0: 10, 1: 1, 2: 1, 3: 0, 4: 0}",1
42,False,"{'a': 0.01, 'e': 0.9130889403123083}",25,0,-113.37496902302351,"{0: 18, 1: 1, 2: 3, 3: 1, 4: 2}",0
43,False,"{'a': 0.01, 'e': 0.9089657496748851}",20,0,-59.09816028487063,"{0: 14, 1: 3, 2: 2, 3: 0, 4: 1}",0
44,False,"{'a': 0.01, 'e': 0.9047516632199635}",20,0,-134.06670593588998,"{0: 9, 1: 1, 2: 8, 3: 1, 4: 1}",0
45,False,"{'a': 0.01, 'e': 0.9004471023526769}",25,8,-49.06319618038093,"{0: 10, 1: 2, 2: 5, 3: 0, 4: 0}",1
46,False,"{'a': 0.01, 'e': 0.8960524975255253}",20,12,0.6914245699862644,"{0: 7, 1: 0, 2: 1, 3: 0, 4: 0}",1
47,False,"{'a': 0.01, 'e': 0.8915682881953289}",20,0,-37.24436690650631,"{0: 14, 1: 4, 2: 1, 3: 1, 4: 0}",0
48,False,"{'a': 0.01, 'e': 0.8869949227792842}",35,0,-164.68715823775918,"{0: 21, 1: 5, 2: 6, 3: 1, 4: 2}",0
49,False,"{'a': 0.01, 'e': 0.8823328586101216}",25,0,-68.30941461653482,"{0: 19, 1: 1, 2: 3, 3: 1, 4: 1}",0
50,False,"{'a': 0.01, 'e': 0.8775825618903728}",20,0,-98.85096990101056,"{0: 13, 1: 3, 2: 2, 3: 0, 4: 2}",0
51,False,"{'a': 0.01, 'e': 0.8727445076457513}",25,0,-70.12192417788256,"{0: 16, 1: 3, 2: 5, 3: 1, 4: 0}",0
52,False,"{'a': 0.01, 'e': 0.8678191796776499}",20,0,-77.28848840484297,"{0: 15, 1: 0, 2: 3, 3: 1, 4: 1}",0
53,False,"{'a': 0.01, 'e': 0.862807070514761}",25,2,-123.05252715485196,"{0: 15, 1: 1, 2: 4, 3: 1, 4: 2}",1
54,False,"{'a': 0.01, 'e': 0.8577086813638242}",25,0,-140.83071352483032,"{0: 13, 1: 2, 2: 7, 3: 2, 4: 1}",0
55,False,"{'a': 0.01, 'e': 0.8525245220595057}",20,0,-103.99429521684175,"{0: 12, 1: 2, 2: 3, 3: 2, 4: 1}",0
56,False,"{'a': 0.01, 'e': 0.8472551110134161}",25,0,-141.81227949770607,"{0: 14, 1: 1, 2: 8, 3: 0, 4: 2}",0
57,False,"{'a': 0.01, 'e': 0.8419009751622687}",25,0,-112.36386582410802,"{0: 18, 1: 3, 2: 0, 3: 2, 4: 2}",0
58,False,"{'a': 0.01, 'e': 0.8364626499151869}",25,13,-92.18950907323766,"{0: 7, 1: 0, 2: 3, 3: 0, 4: 2}",1
59,False,"{'a': 0.01, 'e': 0.8309406791001634}",30,0,-147.00430804389254,"{0: 23, 1: 0, 2: 3, 3: 1, 4: 3}",0
60,False,"{'a': 0.01, 'e': 0.8253356149096783}",20,0,-134.35727503123542,"{0: 11, 1: 0, 2: 5, 3: 3, 4: 1}",0
61,False,"{'a': 0.01, 'e': 0.8196480178454795}",35,12,-68.57548569030023,"{0: 16, 1: 2, 2: 4, 3: 0, 4: 1}",1
62,False,"{'a': 0.01, 'e': 0.8138784566625339}",20,0,-123.59837699208175,"{0: 11, 1: 1, 2: 5, 3: 2, 4: 1}",0
63,False,"{'a': 0.01, 'e': 0.8080275083121519}",25,0,-111.29254632210882,"{0: 15, 1: 3, 2: 5, 3: 1, 4: 1}",0
64,False,"{'a': 0.01, 'e': 0.8020957578842927}",25,12,-19.058472119116306,"{0: 12, 1: 0, 2: 0, 3: 0, 4: 1}",1
65,False,"{'a': 0.01, 'e': 0.7960837985490559}",20,2,-59.57730443272695,"{0: 14, 1: 1, 2: 1, 3: 1, 4: 1}",1
66,False,"{'a': 0.01, 'e': 0.7899922314973651}",20,0,-81.69049536499396,"{0: 13, 1: 1, 2: 5, 3: 0, 4: 1}",0
67,False,"{'a': 0.01, 'e': 0.7838216658808492}",20,0,-59.604550854611695,"{0: 13, 1: 3, 2: 2, 3: 2, 4: 0}",0
68,False,"{'a': 0.01, 'e': 0.7775727187509279}",25,14,-19.883301004153033,"{0: 9, 1: 0, 2: 1, 3: 1, 4: 0}",1
69,False,"{'a': 0.01, 'e': 0.7712460149971065}",30,0,-65.85710939370811,"{0: 20, 1: 2, 2: 8, 3: 0, 4: 0}",0
70,False,"{'a': 0.01, 'e': 0.7648421872844884}",30,15,-53.50466125695649,"{0: 11, 1: 0, 2: 3, 3: 0, 4: 1}",1
71,False,"{'a': 0.01, 'e': 0.7583618759905082}",25,15,-14.357197259183467,"{0: 7, 1: 1, 2: 2, 3: 0, 4: 0}",1
72,False,"{'a': 0.01, 'e': 0.751805729140895}",25,0,-121.03286465951366,"{0: 13, 1: 4, 2: 6, 3: 1, 4: 1}",0
73,False,"{'a': 0.01, 'e': 0.7451744023448704}",25,0,-205.93131535297132,"{0: 16, 1: 1, 2: 2, 3: 2, 4: 4}",0
74,False,"{'a': 0.01, 'e': 0.7384685587295879}",25,0,-166.11633254757405,"{0: 14, 1: 5, 2: 2, 3: 1, 4: 3}",0
75,False,"{'a': 0.01, 'e': 0.7316888688738209}",30,16,-0.2331400273666282,"{0: 12, 1: 0, 2: 2, 3: 0, 4: 0}",1
76,False,"{'a': 0.01, 'e': 0.7248360107409052}",35,0,-207.94802081303402,"{0: 22, 1: 3, 2: 6, 3: 0, 4: 4}",0
77,False,"{'a': 0.01, 'e': 0.7179106696109434}",20,0,-29.200018154586413,"{0: 15, 1: 2, 2: 2, 3: 1, 4: 0}",0
78,False,"{'a': 0.01, 'e': 0.7109135380122773}",20,8,2.273283725028241,"{0: 10, 1: 1, 2: 1, 3: 0, 4: 0}",1
79,False,"{'a': 0.01, 'e': 0.7038453156522362}",25,0,-97.9809187284079,"{0: 20, 1: 0, 2: 2, 3: 1, 4: 2}",0
80,False,"{'a': 0.01, 'e': 0.6967067093471655}",30,2,-268.4066782125428,"{0: 16, 1: 1, 2: 3, 3: 3, 4: 5}",1
81,False,"{'a': 0.01, 'e': 0.6894984329517471}",30,8,-88.74379291534652,"{0: 13, 1: 2, 2: 6, 3: 0, 4: 1}",1
82,False,"{'a': 0.01, 'e': 0.6822212072876136}",25,0,-117.587306261241,"{0: 16, 1: 1, 2: 5, 3: 2, 4: 1}",0
83,False,"{'a': 0.01, 'e': 0.6748757600712672}",25,0,-80.40901656347836,"{0: 19, 1: 1, 2: 2, 3: 2, 4: 1}",1
84,False,"{'a': 0.01, 'e': 0.6674628258413082}",20,0,-87.99881147370655,"{0: 13, 1: 1, 2: 4, 3: 1, 4: 1}",0
85,False,"{'a': 0.01, 'e': 0.6599831458849822}",20,0,-3.741740207044484,"{0: 16, 1: 2, 2: 2, 3: 0, 4: 0}",0
86,False,"{'a': 0.01, 'e': 0.6524374681640519}",25,16,-9.983599297307775,"{0: 5, 1: 4, 2: 0, 3: 0, 4: 0}",1
87,False,"{'a': 0.01, 'e': 0.6448265472400012}",20,13,-8.268967219206253,"{0: 5, 1: 1, 2: 1, 3: 0, 4: 0}",1
88,False,"{'a': 0.01, 'e': 0.6371511441985802}",25,0,-2.3645707606366493,"{0: 21, 1: 2, 2: 2, 3: 0, 4: 0}",0
89,False,"{'a': 0.01, 'e': 0.6294120265736969}",20,0,-18.512030114132415,"{0: 16, 1: 2, 2: 1, 3: 1, 4: 0}",0
90,False,"{'a': 0.01, 'e': 0.6216099682706645}",25,0,-107.52938027847276,"{0: 17, 1: 2, 2: 4, 3: 0, 4: 2}",0
91,False,"{'a': 0.01, 'e': 0.6137457494888116}",20,0,-66.85068106831277,"{0: 14, 1: 1, 2: 4, 3: 0, 4: 1}",0
92,False,"{'a': 0.01, 'e': 0.6058201566434629}",25,0,-45.32679550211366,"{0: 17, 1: 2, 2: 6, 3: 0, 4: 0}",0
93,False,"{'a': 0.01, 'e': 0.5978339822872982}",25,17,-50.91102086961423,"{0: 5, 1: 0, 2: 2, 3: 0, 4: 1}",1
94,False,"{'a': 0.01, 'e': 0.5897880250310983}",20,0,-41.85146178283581,"{0: 16, 1: 0, 2: 3, 3: 0, 4: 1}",0
95,False,"{'a': 0.01, 'e': 0.5816830894638835}",25,0,-40.70836905496531,"{0: 18, 1: 4, 2: 2, 3: 1, 4: 0}",0
96,False,"{'a': 0.01, 'e': 0.5735199860724567}",30,15,-4.915449976074965,"{0: 11, 1: 3, 2: 1, 3: 0, 4: 0}",1
97,False,"{'a': 0.01, 'e': 0.5652995311603544}",25,10,-14.54456581568912,"{0: 10, 1: 4, 2: 1, 3: 0, 4: 0}",1
98,False,"{'a': 0.01, 'e': 0.5570225467662173}",20,0,-29.650728680978517,"{0: 16, 1: 0, 2: 3, 3: 1, 4: 0}",1
99,False,"{'a': 0.01, 'e': 0.5486898605815876}",25,0,-104.70952714750344,"{0: 18, 1: 1, 2: 4, 3: 0, 4: 2}",0
100,False,"{'a': 0.01, 'e': 0.5403023058681398}",25,0,-32.18552679522101,"{0: 22, 1: 1, 2: 0, 3: 1, 4: 1}",0
101,False,"{'a': 0.01, 'e': 0.5318607213743555}",20,6,-36.656662119738854,"{0: 11, 1: 1, 2: 1, 3: 0, 4: 1}",1
102,False,"{'a': 0.01, 'e': 0.5233659512516496}",20,6,-106.43913574189078,"{0: 8, 1: 0, 2: 4, 3: 0, 4: 2}",1
103,False,"{'a': 0.01, 'e': 0.5148188449699553}",25,17,-5.901707344356074,"{0: 6, 1: 1, 2: 1, 3: 0, 4: 0}",1
104,False,"{'a': 0.01, 'e': 0.5062202572327784}",30,8,-27.53374663036638,"{0: 19, 1: 1, 2: 1, 3: 0, 4: 1}",1
105,False,"{'a': 0.01, 'e': 0.497571047891727}",25,5,27.38084505510582,"{0: 19, 1: 1, 2: 0, 3: 0, 4: 0}",1
106,False,"{'a': 0.01, 'e': 0.48887208186052755}",20,10,-15.683707563841581,"{0: 7, 1: 1, 2: 2, 3: 0, 4: 0}",1
107,False,"{'a': 0.01, 'e': 0.48012422902853413}",20,3,-42.37471610428233,"{0: 13, 1: 0, 2: 3, 3: 0, 4: 1}",1
108,False,"{'a': 0.01, 'e': 0.47132836417373997}",20,0,-13.727266508815587,"{0: 16, 1: 1, 2: 3, 3: 0, 4: 0}",0
109,False,"{'a': 0.01, 'e': 0.4624853668753008}",20,2,-59.244341486600895,"{0: 12, 1: 3, 2: 2, 3: 0, 4: 1}",1
110,False,"{'a': 0.01, 'e': 0.4535961214255773}",20,4,17.653478038738974,"{0: 15, 1: 1, 2: 0, 3: 0, 4: 0}",1
111,False,"{'a': 0.01, 'e': 0.44466151674170673}",25,0,-26.13196968617316,"{0: 22, 1: 1, 2: 1, 3: 0, 4: 1}",0
112,False,"{'a': 0.01, 'e': 0.43568244627671204}",25,3,29.145187617558836,"{0: 22, 1: 0, 2: 0, 3: 0, 4: 0}",1
113,False,"{'a': 0.01, 'e': 0.42665980793015723}",25,14,20.132602488406828,"{0: 11, 1: 0, 2: 0, 3: 0, 4: 0}",1
114,False,"{'a': 0.01, 'e': 0.41759450395835795}",20,15,0.06202604417909585,"{0: 4, 1: 1, 2: 0, 3: 0, 4: 0}",1
115,False,"{'a': 0.01, 'e': 0.40848744088415717}",30,16,-27.964440859982084,"{0: 8, 1: 3, 2: 3, 3: 0, 4: 0}",1
116,False,"{'a': 0.01, 'e': 0.3993395294062732}",25,0,-32.38645482238523,"{0: 20, 1: 2, 2: 1, 3: 2, 4: 0}",0
117,False,"{'a': 0.01, 'e': 0.3901516843082303}",25,17,0.628467031524174,"{0: 7, 1: 0, 2: 1, 3: 0, 4: 0}",1
118,False,"{'a': 0.01, 'e': 0.3809248243668818}",25,10,2.6155391953117433,"{0: 13, 1: 0, 2: 2, 3: 0, 4: 0}",1
119,False,"{'a': 0.01, 'e': 0.371659872260533}",35,20,16.31018471440934,"{0: 14, 1: 0, 2: 1, 3: 0, 4: 0}",1
120,False,"{'a': 0.01, 'e': 0.3623577544766736}",35,0,-64.00487136286715,"{0: 30, 1: 1, 2: 2, 3: 0, 4: 2}",0
121,False,"{'a': 0.01, 'e': 0.35301940121933034}",25,0,-1.8677805785994588,"{0: 22, 1: 0, 2: 3, 3: 0, 4: 0}",0
122,False,"{'a': 0.01, 'e': 0.34364574631604705}",20,0,-30.639706572417374,"{0: 14, 1: 2, 2: 4, 3: 0, 4: 0}",0
123,False,"{'a': 0.01, 'e': 0.3342377271245026}",30,8,-20.434024819687725,"{0: 19, 1: 1, 2: 1, 3: 0, 4: 1}",1
124,False,"{'a': 0.01, 'e': 0.32479628443877623}",25,19,10.367258362649387,"{0: 6, 1: 0, 2: 0, 3: 0, 4: 0}",1
125,False,"{'a': 0.01, 'e': 0.3153223623952687}",25,9,-16.837098871893893,"{0: 13, 1: 0, 2: 2, 3: 1, 4: 0}",1
126,False,"{'a': 0.01, 'e': 0.3058169083782893}",20,7,-30.323336576735596,"{0: 11, 1: 0, 2: 1, 3: 0, 4: 1}",1
127,False,"{'a': 0.01, 'e': 0.2962808729253187}",25,0,-10.20757676435285,"{0: 20, 1: 2, 2: 3, 3: 0, 4: 0}",0
128,False,"{'a': 0.01, 'e': 0.28671520963195546}",25,15,14.080043332817157,"{0: 9, 1: 1, 2: 0, 3: 0, 4: 0}",1
129,False,"{'a': 0.01, 'e': 0.2771208750565576}",25,16,9.602309543917666,"{0: 8, 1: 1, 2: 0, 3: 0, 4: 0}",1
130,False,"{'a': 0.01, 'e': 0.26749882862458735}",30,0,11.797451378922732,"{0: 26, 1: 2, 2: 2, 3: 0, 4: 0}",0
131,False,"{'a': 0.01, 'e': 0.2578500325326696}",20,15,1.3637846040810089,"{0: 4, 1: 1, 2: 0, 3: 0, 4: 0}",1
132,False,"{'a': 0.01, 'e': 0.2481754516523729}",35,13,-79.9297022861141,"{0: 18, 1: 0, 2: 1, 3: 1, 4: 2}",1
133,False,"{'a': 0.01, 'e': 0.23847605343372313}",25,18,-0.0751716437640586,"{0: 6, 1: 0, 2: 1, 3: 0, 4: 0}",1
134,False,"{'a': 0.01, 'e': 0.22875280780845939}",30,8,-55.4793530362437,"{0: 16, 1: 2, 2: 3, 3: 0, 4: 1}",1
135,False,"{'a': 0.01, 'e': 0.2190066870930415}",20,0,20.28354008168368,"{0: 19, 1: 0, 2: 1, 3: 0, 4: 0}",0
136,False,"{'a': 0.01, 'e': 0.20923866589141926}",20,15,10.12426667008,"{0: 5, 1: 0, 2: 0, 3: 0, 4: 0}",1
137,False,"{'a': 0.01, 'e': 0.19944972099757285}",25,0,5.093490067635509,"{0: 22, 1: 1, 2: 2, 3: 0, 4: 0}",0
138,False,"{'a': 0.01, 'e': 0.18964083129783424}",25,17,0.23629037669731034,"{0: 7, 1: 0, 2: 1, 3: 0, 4: 0}",1
139,False,"{'a': 0.01, 'e': 0.17981297767299934}",20,13,5.497518963367867,"{0: 6, 1: 1, 2: 0, 3: 0, 4: 0}",1
140,False,"{'a': 0.01, 'e': 0.16996714290024081}",30,22,18.578591567136453,"{0: 8, 1: 0, 2: 0, 3: 0, 4: 0}",1
141,False,"{'a': 0.01, 'e': 0.16010431155483126}",25,17,13.077333032851232,"{0: 8, 1: 0, 2: 0, 3: 0, 4: 0}",1
142,False,"{'a': 0.01, 'e': 0.15022546991168584}",20,6,24.687185959024944,"{0: 14, 1: 0, 2: 0, 3: 0, 4: 0}",1
143,False,"{'a': 0.01, 'e': 0.1403316058467367}",25,11,14.12883077338157,"{0: 13, 1: 1, 2: 0, 3: 0, 4: 0}",1
144,False,"{'a': 0.01, 'e': 0.13042370873814554}",35,13,-22.34608880927637,"{0: 19, 1: 1, 2: 1, 3: 0, 4: 1}",1
145,False,"{'a': 0.01, 'e': 0.1205027693673666}",20,8,20.99030620760071,"{0: 12, 1: 0, 2: 0, 3: 0, 4: 0}",1
146,False,"{'a': 0.01, 'e': 0.11056977982006957}",20,4,22.995736535562145,"{0: 16, 1: 0, 2: 0, 3: 0, 4: 0}",1
147,False,"{'a': 0.01, 'e': 0.10062573338693172}",20,13,15.113263702965394,"{0: 7, 1: 0, 2: 0, 3: 0, 4: 0}",1
148,False,"{'a': 0.01, 'e': 0.09067162446430967}",30,23,13.259289836375189,"{0: 7, 1: 0, 2: 0, 3: 0, 4: 0}",1
149,False,"{'a': 0.01, 'e': 0.08070844845480062}",25,14,21.24731719715509,"{0: 11, 1: 0, 2: 0, 3: 0, 4: 0}",1
150,False,"{'a': 0.01, 'e': 0.0707372016677029}",25,9,27.909657187079862,"{0: 16, 1: 0, 2: 0, 3: 0, 4: 0}",1
151,False,"{'a': 0.01, 'e': 0.0607588812193859}",20,0,14.037074820000194,"{0: 19, 1: 0, 2: 0, 3: 1, 4: 0}",0
152,False,"{'a': 0.01, 'e': 0.05077448493357918}",20,10,17.625886763887365,"{0: 10, 1: 0, 2: 0, 3: 0, 4: 0}",1
153,False,"{'a': 0.01, 'e': 0.040785011241591035}",25,10,26.684176489635544,"{0: 15, 1: 0, 2: 0, 3: 0, 4: 0}",1
154,False,"{'a': 0.01, 'e': 0.030791459082466124}",20,10,19.433740050512053,"{0: 10, 1: 0, 2: 0, 3: 0, 4: 0}",1
155,False,"{'a': 0.01, 'e': 0.02079482780309243}",20,9,18.41736413083284,"{0: 11, 1: 0, 2: 0, 3: 0, 4: 0}",1
156,False,"{'a': 0.01, 'e': 0.010796117058267392}",25,8,26.043953780026044,"{0: 17, 1: 0, 2: 0, 3: 0, 4: 0}",1
157,False,"{'a': 0.01, 'e': 0.0007963267107332633}",20,15,11.42564412319536,"{0: 5, 1: 0, 2: 0, 3: 0, 4: 0}",1
1,True,"{'a': 0, 'e': 0}",30,11,36.31162485770249,"{0: 19, 1: 0, 2: 0, 3: 0, 4: 0}",1
2,True,"{'a': 0, 'e': 0}",25,20,9.548768337855181,"{0: 5, 1: 0, 2: 0, 3: 0, 4: 0}",1
3,True,"{'a': 0, 'e': 0}",25,13,25.440567341758467,"{0: 12, 1: 0, 2: 0, 3: 0, 4: 0}",1
4,True,"{'a': 0, 'e': 0}",20,13,15.639540782264817,"{0: 7, 1: 0, 2: 0, 3: 0, 4: 0}",1
5,True,"{'a': 0, 'e': 0}",30,16,22.749443527530275,"{0: 14, 1: 0, 2: 0, 3: 0, 4: 0}",1
6,True,"{'a': 0, 'e': 0}",35,23,21.827336813733474,"{0: 12, 1: 0, 2: 0, 3: 0, 4: 0}",1
7,True,"{'a': 0, 'e': 0}",20,12,13.431966527252076,"{0: 8, 1: 0, 2: 0, 3: 0, 4: 0}",1
8,True,"{'a': 0, 'e': 0}",20,7,24.894628824447654,"{0: 13, 1: 0, 2: 0, 3: 0, 4: 0}",1
9,True,"{'a': 0, 'e': 0}",20,14,13.368703764855697,"{0: 6, 1: 0, 2: 0, 3: 0, 4: 0}",1
10,True,"{'a': 0, 'e': 0}",20,8,24.914948494175768,"{0: 12, 1: 0, 2: 0, 3: 0, 4: 0}",1
11,True,"{'a': 0, 'e': 0}",20,11,17.542706363851924,"{0: 9, 1: 0, 2: 0, 3: 0, 4: 0}",1
12,True,"{'a': 0, 'e': 0}",25,10,29.60389106923549,"{0: 15, 1: 0, 2: 0, 3: 0, 4: 0}",1
13,True,"{'a': 0, 'e': 0}",25,17,14.054130725608989,"{0: 8, 1: 0, 2: 0, 3: 0, 4: 0}",1
14,True,"{'a': 0, 'e': 0}",20,3,31.70649834947059,"{0: 17, 1: 0, 2: 0, 3: 0, 4: 0}",1
15,True,"{'a': 0, 'e': 0}",30,16,21.045198352187956,"{0: 14, 1: 0, 2: 0, 3: 0, 4: 0}",1
16,True,"{'a': 0, 'e': 0}",35,22,22.93233690042815,"{0: 13, 1: 0, 2: 0, 3: 0, 4: 0}",1
17,True,"{'a': 0, 'e': 0}",25,10,31.41669081281378,"{0: 15, 1: 0, 2: 0, 3: 0, 4: 0}",1
18,True,"{'a': 0, 'e': 0}",20,9,21.571686808373315,"{0: 11, 1: 0, 2: 0, 3: 0, 4: 0}",1
19,True,"{'a': 0, 'e': 0}",20,6,24.22407802518613,"{0: 14, 1: 0, 2: 0, 3: 0, 4: 0}",1
20,True,"{'a': 0, 'e': 0}",35,27,13.063143146172592,"{0: 8, 1: 0, 2: 0, 3: 0, 4: 0}",1
21,True,"{'a': 0, 'e': 0}",30,18,21.910474576026147,"{0: 12, 1: 0, 2: 0, 3: 0, 4: 0}",1
22,True,"{'a': 0, 'e': 0}",25,17,14.3937374266694,"{0: 8, 1: 0, 2: 0, 3: 0, 4: 0}",1
23,True,"{'a': 0, 'e': 0}",25,12,22.64903221318682,"{0: 13, 1: 0, 2: 0, 3: 0, 4: 0}",1
24,True,"{'a': 0, 'e': 0}",25,10,24.27036586814665,"{0: 15, 1: 0, 2: 0, 3: 0, 4: 0}",1
25,True,"{'a': 0, 'e': 0}",30,15,29.932872462153107,"{0: 15, 1: 0, 2: 0, 3: 0, 4: 0}",1
26,True,"{'a': 0, 'e': 0}",25,12,24.90546403704622,"{0: 13, 1: 0, 2: 0, 3: 0, 4: 0}",1
27,True,"{'a': 0, 'e': 0}",20,12,15.470413043783772,"{0: 8, 1: 0, 2: 0, 3: 0, 4: 0}",1
28,True,"{'a': 0, 'e': 0}",20,10,19.83997318337984,"{0: 10, 1: 0, 2: 0, 3: 0, 4: 0}",1
29,True,"{'a': 0, 'e': 0}",20,16,7.7572862822635695,"{0: 4, 1: 0, 2: 0, 3: 0, 4: 0}",1
30,True,"{'a': 0, 'e': 0}",25,13,22.06868091983863,"{0: 12, 1: 0, 2: 0, 3: 0, 4: 0}",1
31,True,"{'a': 0, 'e': 0}",25,19,11.70171890695025,"{0: 6, 1: 0, 2: 0, 3: 0, 4: 0}",1
32,True,"{'a': 0, 'e': 0}",20,15,12.59490675912799,"{0: 5, 1: 0, 2: 0, 3: 0, 4: 0}",1
33,True,"{'a': 0, 'e': 0}",25,14,20.260760559851686,"{0: 11, 1: 0, 2: 0, 3: 0, 4: 0}",1
34,True,"{'a': 0, 'e': 0}",25,11,24.868774583601727,"{0: 14, 1: 0, 2: 0, 3: 0, 4: 0}",1
35,True,"{'a': 0, 'e': 0}",30,16,25.680123491910685,"{0: 14, 1: 0, 2: 0, 3: 0, 4: 0}",1
36,True,"{'a': 0, 'e': 0}",35,18,28.498212290460195,"{0: 17, 1: 0, 2: 0, 3: 0, 4: 0}",1
37,True,"{'a': 0, 'e': 0}",30,17,26.800275273687227,"{0: 13, 1: 0, 2: 0, 3: 0, 4: 0}",1
38,True,"{'a': 0, 'e': 0}",20,14,9.640160115453117,"{0: 6, 1: 0, 2: 0, 3: 0, 4: 0}",1
39,True,"{'a': 0, 'e': 0}",30,18,22.78927435771665,"{0: 12, 1: 0, 2: 0, 3: 0, 4: 0}",1
40,True,"{'a': 0, 'e': 0}",25,14,18.120796979488375,"{0: 11, 1: 0, 2: 0, 3: 0, 4: 0}",1
41,True,"{'a': 0, 'e': 0}",20,15,8.066337107648842,"{0: 5, 1: 0, 2: 0, 3: 0, 4: 0}",1
42,True,"{'a': 0, 'e': 0}",20,12,12.885895253046323,"{0: 8, 1: 0, 2: 0, 3: 0, 4: 0}",1
43,True,"{'a': 0, 'e': 0}",30,21,16.386845718369113,"{0: 9, 1: 0, 2: 0, 3: 0, 4: 0}",1
44,True,"{'a': 0, 'e': 0}",25,7,29.878384515157993,"{0: 18, 1: 0, 2: 0, 3: 0, 4: 0}",1
45,True,"{'a': 0, 'e': 0}",35,5,51.59347870715771,"{0: 30, 1: 0, 2: 0, 3: 0, 4: 0}",1
46,True,"{'a': 0, 'e': 0}",20,11,16.907241180094307,"{0: 9, 1: 0, 2: 0, 3: 0, 4: 0}",1
47,True,"{'a': 0, 'e': 0}",30,12,33.36398540898196,"{0: 18, 1: 0, 2: 0, 3: 0, 4: 0}",1
48,True,"{'a': 0, 'e': 0}",25,7,33.522613049993545,"{0: 18, 1: 0, 2: 0, 3: 0, 4: 0}",1
49,True,"{'a': 0, 'e': 0}",20,3,28.1449623215928,"{0: 17, 1: 0, 2: 0, 3: 0, 4: 0}",1
50,True,"{'a': 0, 'e': 0}",20,11,15.544512900573345,"{0: 9, 1: 0, 2: 0, 3: 0, 4: 0}",1
51,True,"{'a': 0, 'e': 0}",20,16,7.990284571059168,"{0: 4, 1: 0, 2: 0, 3: 0, 4: 0}",1
52,True,"{'a': 0, 'e': 0}",25,13,22.824279008572347,"{0: 12, 1: 0, 2: 0, 3: 0, 4: 0}",1
53,True,"{'a': 0, 'e': 0}",20,13,14.293665828601261,"{0: 7, 1: 0, 2: 0, 3: 0, 4: 0}",1
54,True,"{'a': 0, 'e': 0}",25,15,19.598340069542083,"{0: 10, 1: 0, 2: 0, 3: 0, 4: 0}",1
55,True,"{'a': 0, 'e': 0}",20,7,24.740382822728204,"{0: 13, 1: 0, 2: 0, 3: 0, 4: 0}",1
56,True,"{'a': 0, 'e': 0}",20,8,19.024422269589255,"{0: 12, 1: 0, 2: 0, 3: 0, 4: 0}",1
57,True,"{'a': 0, 'e': 0}",30,4,41.048572879504356,"{0: 26, 1: 0, 2: 0, 3: 0, 4: 0}",1
58,True,"{'a': 0, 'e': 0}",30,24,11.983866972950723,"{0: 6, 1: 0, 2: 0, 3: 0, 4: 0}",1
59,True,"{'a': 0, 'e': 0}",25,19,11.992548194107993,"{0: 6, 1: 0, 2: 0, 3: 0, 4: 0}",1
60,True,"{'a': 0, 'e': 0}",35,19,30.74666625641582,"{0: 16, 1: 0, 2: 0, 3: 0, 4: 0}",1
61,True,"{'a': 0, 'e': 0}",25,12,26.12644753707487,"{0: 13, 1: 0, 2: 0, 3: 0, 4: 0}",1
62,True,"{'a': 0, 'e': 0}",20,12,14.60297463130822,"{0: 8, 1: 0, 2: 0, 3: 0, 4: 0}",1
63,True,"{'a': 0, 'e': 0}",30,15,28.984894770112184,"{0: 15, 1: 0, 2: 0, 3: 0, 4: 0}",1
64,True,"{'a': 0, 'e': 0}",30,18,22.037003500650897,"{0: 12, 1: 0, 2: 0, 3: 0, 4: 0}",1
65,True,"{'a': 0, 'e': 0}",20,16,8.874665104139726,"{0: 4, 1: 0, 2: 0, 3: 0, 4: 0}",1
66,True,"{'a': 0, 'e': 0}",25,9,24.781968969795134,"{0: 16, 1: 0, 2: 0, 3: 0, 4: 0}",1
67,True,"{'a': 0, 'e': 0}",20,12,16.24907301162546,"{0: 8, 1: 0, 2: 0, 3: 0, 4: 0}",1
68,True,"{'a': 0, 'e': 0}",30,11,35.17339001733142,"{0: 19, 1: 0, 2: 0, 3: 0, 4: 0}",1
69,True,"{'a': 0, 'e': 0}",20,14,11.379305541913215,"{0: 6, 1: 0, 2: 0, 3: 0, 4: 0}",1
70,True,"{'a': 0, 'e': 0}",20,3,28.86871370116885,"{0: 17, 1: 0, 2: 0, 3: 0, 4: 0}",1
71,True,"{'a': 0, 'e': 0}",25,0,39.441114176602156,"{0: 25, 1: 0, 2: 0, 3: 0, 4: 0}",0
72,True,"{'a': 0, 'e': 0}",20,11,14.514676077521603,"{0: 9, 1: 0, 2: 0, 3: 0, 4: 0}",1
73,True,"{'a': 0, 'e': 0}",25,9,23.875429364643107,"{0: 16, 1: 0, 2: 0, 3: 0, 4: 0}",1
74,True,"{'a': 0, 'e': 0}",20,12,15.80937449804251,"{0: 8, 1: 0, 2: 0, 3: 0, 4: 0}",1
75,True,"{'a': 0, 'e': 0}",25,17,13.725995738685642,"{0: 8, 1: 0, 2: 0, 3: 0, 4: 0}",1
76,True,"{'a': 0, 'e': 0}",25,7,31.290551981082846,"{0: 18, 1: 0, 2: 0, 3: 0, 4: 0}",1
77,True,"{'a': 0, 'e': 0}",20,12,15.343502501028052,"{0: 8, 1: 0, 2: 0, 3: 0, 4: 0}",1
78,True,"{'a': 0, 'e': 0}",25,0,34.336708780528824,"{0: 25, 1: 0, 2: 0, 3: 0, 4: 0}",0
79,True,"{'a': 0, 'e': 0}",30,18,18.10659897186245,"{0: 12, 1: 0, 2: 0, 3: 0, 4: 0}",1
80,True,"{'a': 0, 'e': 0}",20,2,28.317336377811763,"{0: 18, 1: 0, 2: 0, 3: 0, 4: 0}",1
81,True,"{'a': 0, 'e': 0}",25,0,42.30729114725293,"{0: 25, 1: 0, 2: 0, 3: 0, 4: 0}",0
82,True,"{'a': 0, 'e': 0}",25,15,19.894315585630636,"{0: 10, 1: 0, 2: 0, 3: 0, 4: 0}",1
83,True,"{'a': 0, 'e': 0}",20,3,27.908244378803232,"{0: 17, 1: 0, 2: 0, 3: 0, 4: 0}",1
84,True,"{'a': 0, 'e': 0}",20,9,18.01223813224842,"{0: 11, 1: 0, 2: 0, 3: 0, 4: 0}",1
85,True,"{'a': 0, 'e': 0}",20,13,11.79109503312179,"{0: 7, 1: 0, 2: 0, 3: 0, 4: 0}",1
86,True,"{'a': 0, 'e': 0}",20,11,14.903142113289125,"{0: 9, 1: 0, 2: 0, 3: 0, 4: 0}",1
87,True,"{'a': 0, 'e': 0}",20,11,14.751776410754934,"{0: 9, 1: 0, 2: 0, 3: 0, 4: 0}",1
88,True,"{'a': 0, 'e': 0}",20,10,16.409119281362127,"{0: 10, 1: 0, 2: 0, 3: 0, 4: 0}",1
89,True,"{'a': 0, 'e': 0}",25,15,16.27529538579778,"{0: 10, 1: 0, 2: 0, 3: 0, 4: 0}",1
90,True,"{'a': 0, 'e': 0}",25,14,17.546111722994286,"{0: 11, 1: 0, 2: 0, 3: 0, 4: 0}",1
91,True,"{'a': 0, 'e': 0}",20,11,14.98993646990145,"{0: 9, 1: 0, 2: 0, 3: 0, 4: 0}",1
92,True,"{'a': 0, 'e': 0}",30,13,28.084581762529037,"{0: 17, 1: 0, 2: 0, 3: 0, 4: 0}",1
93,True,"{'a': 0, 'e': 0}",30,15,34.923096761722334,"{0: 15, 1: 0, 2: 0, 3: 0, 4: 0}",1
94,True,"{'a': 0, 'e': 0}",25,13,21.650844679504825,"{0: 12, 1: 0, 2: 0, 3: 0, 4: 0}",1
95,True,"{'a': 0, 'e': 0}",20,11,15.457123354951467,"{0: 9, 1: 0, 2: 0, 3: 0, 4: 0}",1
96,True,"{'a': 0, 'e': 0}",30,13,34.59087389905208,"{0: 17, 1: 0, 2: 0, 3: 0, 4: 0}",1
97,True,"{'a': 0, 'e': 0}",20,6,28.128829442246428,"{0: 14, 1: 0, 2: 0, 3: 0, 4: 0}",1
98,True,"{'a': 0, 'e': 0}",20,16,7.272738994657242,"{0: 4, 1: 0, 2: 0, 3: 0, 4: 0}",1
99,True,"{'a': 0, 'e': 0}",25,8,27.089050146601718,"{0: 17, 1: 0, 2: 0, 3: 0, 4: 0}",1
100,True,"{'a': 0, 'e': 0}",25,1,39.17155817032436,"{0: 24, 1: 0, 2: 0, 3: 0, 4: 0}",1
